{
  "model": "XGBoost (Tuned)",
  "test_precision": 0.09090909090909091,
  "test_recall": 0.045454545454545456,
  "test_f1": 0.06060606060606061,
  "test_roc_auc": 0.7518598530088997,
  "test_pr_auc": 0.0499412247464959,
  "best_params": {
    "subsample": 1.0,
    "n_estimators": 100,
    "min_child_weight": 1,
    "max_depth": 4,
    "learning_rate": 0.2,
    "colsample_bytree": 0.8
  },
  "feature_count": 168,
  "train_samples": 62257,
  "test_samples": 24303
}